Workbook

Sheet 18+ Shoppers
B1: 18+ Victoria Secret shoppers vs 18+ Other shopper
B2: Vividata's SCC | Study of the Canadian Consumer
D3: Women's Clothing-Where Personally Bought/Past 12 Months (National) | E3: Women's Clothing-Where Personally Bought/Past 12 Months (National)
D4: Victoria's Secret | E4: La Senza OR La Vie en Rose
B5: Base: 18+ | D5: 2025 Summer to 2023 Summer (Avg) | E5: 2025 Summer to 2023 Summer (Avg)
B6: Totals | C6: Pop. (000) | D6: =AVERAGE('Full dates'!D6:L6) -> 1004.4444 | E6: =AVERAGE('Full dates'!M6:U6) -> 1948.2222
C7: % Col | D7: =AVERAGE('Full dates'!D7:L7) -> 100 | E7: =AVERAGE('Full dates'!M7:U7) -> 100
A8: Personal Appearance-Statements-Any Agree (4-5) | B8: My confidence is greatly enhanced when I know I look my best | C8: Pop. (000) | D8: =AVERAGE('Full dates'!D8:L8) -> 644.11111 | E8: =AVERAGE('Full dates'!M8:U8) -> 1289
C9: % Col | D9: =AVERAGE('Full dates'!D9:L9) -> 64.57 | E9: =AVERAGE('Full dates'!M9:U9) -> 66.74
A10: Personal Appearance-Statements-Any Disagree (1-2) | B10: My confidence is greatly enhanced when I know I look my best | C10: Pop. (000) | D10: =AVERAGE('Full dates'!D10:L10) -> 89.555556 | E10: =AVERAGE('Full dates'!M10:U10) -> 199.77778
C11: % Col | D11: =AVERAGE('Full dates'!D11:L11) -> 8.7344444 | E11: =AVERAGE('Full dates'!M11:U11) -> 10.016667
A12: Social/Political/Ethical-Statements-Any Agree (4-5) | B12: I think we should strive for equality for all | C12: Pop. (000) | D12: =AVERAGE('Full dates'!D12:L12) -> 732.66667 | E12: =AVERAGE('Full dates'!M12:U12) -> 1459
C13: % Col | D13: =AVERAGE('Full dates'!D13:L13) -> 73.05889 | E13: =AVERAGE('Full dates'!M13:U13) -> 75.061111
A14: Social/Political/Ethical-Statements-Any Agree (4-5) | B14: Men and women should share household responsibilities equally | C14: Pop. (000) | D14: =AVERAGE('Full dates'!D14:L14) -> 730.88889 | E14: =AVERAGE('Full dates'!M14:U14) -> 1462.3333
C15: % Col | D15: =AVERAGE('Full dates'!D15:L15) -> 72.599999 | E15: =AVERAGE('Full dates'!M15:U15) -> 75.073334
A16: Social/Political/Ethical-Statements-Any Agree (4-5) | B16: I think men and women are given equal opportunities | C16: Pop. (000) | D16: =AVERAGE('Full dates'!D16:L16) -> 391.44444 | E16: =AVERAGE('Full dates'!M16:U16) -> 736.33333
C17: % Col | D17: =AVERAGE('Full dates'!D17:L17) -> 38.892223 | E17: =AVERAGE('Full dates'!M17:U17) -> 37.613333
A18: Social/Political/Ethical-Statements-Any Agree (4-5) | B18: Men and women are still not treated equally in the workplace | C18: Pop. (000) | D18: =AVERAGE('Full dates'!D18:L18) -> 635 | E18: =AVERAGE('Full dates'!M18:U18) -> 1250.5556
C19: % Col | D19: =AVERAGE('Full dates'!D19:L19) -> 63.513333 | E19: =AVERAGE('Full dates'!M19:U19) -> 64.253333
A20: Social/Political/Ethical-Statements-Any Agree (4-5) | B20: Feminism isn’t about treating women favourably but equally | C20: Pop. (000) | D20: =AVERAGE('Full dates'!D20:L20) -> 688.11111 | E20: =AVERAGE('Full dates'!M20:U20) -> 1330.1111
C21: % Col | D21: =AVERAGE('Full dates'!D21:L21) -> 68.565556 | E21: =AVERAGE('Full dates'!M21:U21) -> 68.247777
A22: Social/Political/Ethical-Statements-Any Disagree (1-2) | B22: I think we should strive for equality for all | C22: Pop. (000) | D22: =AVERAGE('Full dates'!D22:L22) -> 38 | E22: =AVERAGE('Full dates'!M22:U22) -> 91.666667
C23: % Col | D23: =AVERAGE('Full dates'!D23:L23) -> 3.6788889 | E23: =AVERAGE('Full dates'!M23:U23) -> 4.6955555
A24: Social/Political/Ethical-Statements-Any Disagree (1-2) | B24: Men and women should share household responsibilities equally | C24: Pop. (000) | D24: =AVERAGE('Full dates'!D24:L24) -> 55 | E24: =AVERAGE('Full dates'!M24:U24) -> 100.11111
C25: % Col | D25: =AVERAGE('Full dates'!D25:L25) -> 5.4866667 | E25: =AVERAGE('Full dates'!M25:U25) -> 5.1333334
A26: Social/Political/Ethical-Statements-Any Disagree (1-2) | B26: I think men and women are given equal opportunities | C26: Pop. (000) | D26: =AVERAGE('Full dates'!D26:L26) -> 299.11111 | E26: =AVERAGE('Full dates'!M26:U26) -> 621.77778
C27: % Col | D27: =AVERAGE('Full dates'!D27:L27) -> 29.79 | E27: =AVERAGE('Full dates'!M27:U27) -> 31.893333
A28: Social/Political/Ethical-Statements-Any Disagree (1-2) | B28: Men and women are still not treated equally in the workplace | C28: Pop. (000) | D28: =AVERAGE('Full dates'!D28:L28) -> 101.88889 | E28: =AVERAGE('Full dates'!M28:U28) -> 210.77778
C29: % Col | D29: =AVERAGE('Full dates'!D29:L29) -> 10.034444 | E29: =AVERAGE('Full dates'!M29:U29) -> 10.751111
A30: Social/Political/Ethical-Statements-Any Disagree (1-2) | B30: Feminism isn’t about treating women favourably but equally | C30: Pop. (000) | D30: =AVERAGE('Full dates'!D30:L30) -> 69.777778 | E30: =AVERAGE('Full dates'!M30:U30) -> 139.44444
C31: % Col | D31: =AVERAGE('Full dates'!D31:L31) -> 6.7411111 | E31: =AVERAGE('Full dates'!M31:U31) -> 7.0833334
A32: Geography-Province | B32: Nova Scotia | C32: Pop. (000) | D32: =AVERAGE('Full dates'!D36:L36) -> 24.714286 | E32: =AVERAGE('Full dates'!M36:U36) -> 56.666667
C33: % Col | D33: =AVERAGE('Full dates'!D37:L37) -> 2.4 | E33: =AVERAGE('Full dates'!M37:U37) -> 2.9133333
A34: Geography-Province | B34: New Brunswick | C34: Pop. (000) | D34: =AVERAGE('Full dates'!D38:L38) -> 28 | E34: =AVERAGE('Full dates'!M38:U38) -> 40.333333
C35: % Col | D35: =AVERAGE('Full dates'!D39:L39) -> 1.45 | E35: =AVERAGE('Full dates'!M39:U39) -> 2.17
A36: Geography-Province | B36: Quebec | C36: Pop. (000) | D36: =AVERAGE('Full dates'!D40:L40) -> 151.88889 | E36: =AVERAGE('Full dates'!M40:U40) -> 540.55556
C37: % Col | D37: =AVERAGE('Full dates'!D41:L41) -> 15.243333 | E37: =AVERAGE('Full dates'!M41:U41) -> 28.054444
A38: Geography-Province | B38: Ontario | C38: Pop. (000) | D38: =AVERAGE('Full dates'!D42:L42) -> 454.22222 | E38: =AVERAGE('Full dates'!M42:U42) -> 694.11111
C39: % Col | D39: =AVERAGE('Full dates'!D43:L43) -> 45.253334 | E39: =AVERAGE('Full dates'!M43:U43) -> 35.449999
A40: Geography-Province | B40: Manitoba | C40: Pop. (000) | D40: =AVERAGE('Full dates'!D44:L44) -> 47 | E40: =AVERAGE('Full dates'!M44:U44) -> 68.428571
C41: % Col | D41: =AVERAGE('Full dates'!D45:L45) -> 4.6466667 | E41: =AVERAGE('Full dates'!M45:U45) -> 2.8466666
A42: Geography-Province | B42: Saskatchewan | C42: Pop. (000) | D42: =AVERAGE('Full dates'!D46:L46) -> 35.571429 | E42: =AVERAGE('Full dates'!M46:U46) -> 55.555556
C43: % Col | D43: =AVERAGE('Full dates'!D47:L47) -> 3.9677778 | E43: =AVERAGE('Full dates'!M47:U47) -> 2.9066666
A44: Geography-Province | B44: Alberta | C44: Pop. (000) | D44: =AVERAGE('Full dates'!D48:L48) -> 120.88889 | E44: =AVERAGE('Full dates'!M48:U48) -> 200.22222
C45: % Col | D45: =AVERAGE('Full dates'!D49:L49) -> 11.943333 | E45: =AVERAGE('Full dates'!M49:U49) -> 10.312222
A46: Geography-Province | B46: British Columbia | C46: Pop. (000) | D46: =AVERAGE('Full dates'!D50:L50) -> 145.77778 | E46: =AVERAGE('Full dates'!M50:U50) -> 264.22222
C47: % Col | D47: =AVERAGE('Full dates'!D51:L51) -> 14.424444 | E47: =AVERAGE('Full dates'!M51:U51) -> 13.445556
A48: Age/Generation-Age (Summary) | B48: 18-24 | C48: Pop. (000) | D48: =AVERAGE('Full dates'!D52:L52) -> 249.44444 | E48: =AVERAGE('Full dates'!M52:U52) -> 388.88889
C49: % Col | D49: =AVERAGE('Full dates'!D53:L53) -> 25.036666 | E49: =AVERAGE('Full dates'!M53:U53) -> 20.196667
A50: Age/Generation-Age (Summary) | B50: 25-34 | C50: Pop. (000) | D50: =AVERAGE('Full dates'!D54:L54) -> 245.33333 | E50: =AVERAGE('Full dates'!M54:U54) -> 413.44444
C51: % Col | D51: =AVERAGE('Full dates'!D55:L55) -> 24.573333 | E51: =AVERAGE('Full dates'!M55:U55) -> 21.112222
A52: Age/Generation-Age (Summary) | B52: 35-49 | C52: Pop. (000) | D52: =AVERAGE('Full dates'!D56:L56) -> 296.77778 | E52: =AVERAGE('Full dates'!M56:U56) -> 564.44444
C53: % Col | D53: =AVERAGE('Full dates'!D57:L57) -> 29.353334 | E53: =AVERAGE('Full dates'!M57:U57) -> 29.131111
A54: Age/Generation-Age (Summary) | B54: 50-64 | C54: Pop. (000) | D54: =AVERAGE('Full dates'!D58:L58) -> 128 | E54: =AVERAGE('Full dates'!M58:U58) -> 377.66667
C55: % Col | D55: =AVERAGE('Full dates'!D59:L59) -> 12.778889 | E55: =AVERAGE('Full dates'!M59:U59) -> 19.42
A56: Age/Generation-Age (Summary) | B56: 65+ | C56: Pop. (000) | D56: =AVERAGE('Full dates'!D60:L60) -> 85 | E56: =AVERAGE('Full dates'!M60:U60) -> 203.66667
C57: % Col | D57: =AVERAGE('Full dates'!D61:L61) -> 8.2744445 | E57: =AVERAGE('Full dates'!M61:U61) -> 10.136667
A59: Source: | B59: Vividata's SCC | Study of the Canadian Consumer: 2025 Summer, 2025 Spring, 2025 Winter, 2024 Fall, 2024 Summer, 2024 Spring, 2024 Winter, 2023 Fall, 2023 Summer
A60: Sample Caution: | B60: "*" Projection relatively unstable. Use with caution.
B61: "#" Unrealiable projection. Shown for consistency only.

Sheet Full dates
B1: 18+ Victoria Secret shoppers vs 18+ Other shopper_Duplicate
B2: Vividata's SCC | Study of the Canadian Consumer
D3: Women's Clothing-Where Personally Bought/Past 12 Months (National) | M3: Women's Clothing-Where Personally Bought/Past 12 Months (National)
D4: Victoria's Secret | M4: La Senza OR La Vie en Rose
B5: Base: 18+ | D5: 2025 Summer | E5: 2025 Spring | F5: 2025 Winter | G5: 2024 Fall | H5: 2024 Summer | I5: 2024 Spring | J5: 2024 Winter | K5: 2023 Fall | L5: 2023 Summer | M5: 2025 Summer | N5: 2025 Spring | O5: 2025 Winter | P5: 2024 Fall | Q5: 2024 Summer | R5: 2024 Spring | S5: 2024 Winter | T5: 2023 Fall | U5: 2023 Summer
B6: Totals | C6: Pop. (000) | D6: 919 | E6: 906 | F6: 863 | G6: 883 | H6: 1282 | I6: 1109 | J6: 1101 | K6: 1014 | L6: 963 | M6: 1712 | N6: 1669 | O6: 1642 | P6: 1639 | Q6: 2440 | R6: 1979 | S6: 2171 | T6: 2214 | U6: 2068
C7: % Col | D7: 100 | E7: 100 | F7: 100 | G7: 100 | H7: 100 | I7: 100 | J7: 100 | K7: 100 | L7: 100 | M7: 100 | N7: 100 | O7: 100 | P7: 100 | Q7: 100 | R7: 100 | S7: 100 | T7: 100 | U7: 100
A8: Personal Appearance-Statements-Any Agree (4-5) | B8: My confidence is greatly enhanced when I know I look my best | C8: Pop. (000) | D8: 634 | E8: 632 | F8: 595 | G8: 585 | H8: 740 | I8: 691 | J8: 694 | K8: 612 | L8: 614 | M8: 1229 | N8: 1199 | O8: 1168 | P8: 1160 | Q8: 1469 | R8: 1221 | S8: 1381 | T8: 1417 | U8: 1357
C9: % Col | D9: 68.989998 | E9: 69.760002 | F9: 68.949997 | G9: 66.25 | H9: 57.720001 | I9: 62.310001 | J9: 63.029999 | K9: 60.360001 | L9: 63.759998 | M9: 71.790001 | N9: 71.839996 | O9: 71.129997 | P9: 70.769997 | Q9: 60.200001 | R9: 61.700001 | S9: 63.610001 | T9: 64 | U9: 65.620003
A10: Personal Appearance-Statements-Any Disagree (1-2) | B10: My confidence is greatly enhanced when I know I look my best | C10: Pop. (000) | D10: 75 | E10: 75 | F10: 72 | G10: 70 | H10: 191 | I10: 78 | J10: 83 | K10: 75 | L10: 87 | M10: 135 | N10: 139 | O10: 148 | P10: 132 | Q10: 327 | R10: 214 | S10: 246 | T10: 242 | U10: 215
C11: % Col | D11: 8.1599998 | E11: 8.2799997 | F11: 8.3400002 | G11: 7.9299998 | H11: 14.9 | I11: 7.0300002 | J11: 7.54 | K11: 7.4000001 | L11: 9.0299997 | M11: 7.8899999 | N11: 8.3299999 | O11: 9.0100002 | P11: 8.0500002 | Q11: 13.4 | R11: 10.81 | S11: 11.33 | T11: 10.93 | U11: 10.4
A12: Social/Political/Ethical-Statements-Any Agree (4-5) | B12: I think we should strive for equality for all | C12: Pop. (000) | D12: 674 | E12: 662 | F12: 619 | G12: 646 | H12: 881 | I12: 806 | J12: 828 | K12: 736 | L12: 742 | M12: 1295 | N12: 1274 | O12: 1250 | P12: 1267 | Q12: 1773 | R12: 1448 | S12: 1629 | T12: 1632 | U12: 1563
C13: % Col | D13: 73.339996 | E13: 73.07 | F13: 71.730003 | G13: 73.160004 | H13: 68.720001 | I13: 72.68 | J13: 75.199997 | K13: 72.580002 | L13: 77.050003 | M13: 75.639999 | N13: 76.330002 | O13: 76.129997 | P13: 77.300003 | Q13: 72.660004 | R13: 73.169998 | S13: 75.029999 | T13: 73.709999 | U13: 75.580002
A14: Social/Political/Ethical-Statements-Any Agree (4-5) | B14: Men and women should share household responsibilities equally | C14: Pop. (000) | D14: 663 | E14: 645 | F14: 613 | G14: 625 | H14: 958 | I14: 832 | J14: 802 | K14: 741 | L14: 699 | M14: 1282 | N14: 1251 | O14: 1237 | P14: 1256 | Q14: 1873 | R14: 1471 | S14: 1618 | T14: 1629 | U14: 1544
C15: % Col | D15: 72.139999 | E15: 71.190002 | F15: 71.029999 | G15: 70.779999 | H15: 74.730003 | I15: 75.019997 | J15: 72.839996 | K15: 73.080002 | L15: 72.589996 | M15: 74.879997 | N15: 74.959999 | O15: 75.330002 | P15: 76.629997 | Q15: 76.760002 | R15: 74.330002 | S15: 74.529999 | T15: 73.580002 | U15: 74.660004
A16: Social/Political/Ethical-Statements-Any Agree (4-5) | B16: I think men and women are given equal opportunities | C16: Pop. (000) | D16: 363 | E16: 365 | F16: 336 | G16: 349 | H16: 549 | I16: 427 | J16: 409 | K16: 375 | L16: 350 | M16: 595 | N16: 600 | O16: 604 | P16: 604 | Q16: 968 | R16: 792 | S16: 841 | T16: 854 | U16: 769
C17: % Col | D17: 39.5 | E17: 40.290001 | F17: 38.93 | G17: 39.52 | H17: 42.82 | I17: 38.5 | J17: 37.150002 | K17: 36.98 | L17: 36.34 | M17: 34.75 | N17: 35.950001 | O17: 36.779999 | P17: 36.849998 | Q17: 39.669998 | R17: 40.02 | S17: 38.740002 | T17: 38.57 | U17: 37.189999
A18: Social/Political/Ethical-Statements-Any Agree (4-5) | B18: Men and women are still not treated equally in the workplace | C18: Pop. (000) | D18: 616 | E18: 595 | F18: 561 | G18: 573 | H18: 737 | I18: 702 | J18: 687 | K18: 641 | L18: 603 | M18: 1124 | N18: 1064 | O18: 1051 | P18: 1078 | Q18: 1570 | R18: 1276 | S18: 1384 | T18: 1386 | U18: 1322
C19: % Col | D19: 67.029999 | E19: 65.669998 | F19: 65.010002 | G19: 64.889999 | H19: 57.490002 | I19: 63.299999 | J19: 62.400002 | K19: 63.209999 | L19: 62.619999 | M19: 65.650002 | N19: 63.75 | O19: 64.010002 | P19: 65.769997 | Q19: 64.339996 | R19: 64.480003 | S19: 63.75 | T19: 62.599998 | U19: 63.93
A20: Social/Political/Ethical-Statements-Any Agree (4-5) | B20: Feminism isn’t about treating women favourably but equally | C20: Pop. (000) | D20: 623 | E20: 613 | F20: 566 | G20: 589 | H20: 798 | I20: 800 | J20: 778 | K20: 724 | L20: 702 | M20: 1179 | N20: 1128 | O20: 1096 | P20: 1098 | Q20: 1609 | R20: 1371 | S20: 1498 | T20: 1527 | U20: 1465
C21: % Col | D21: 67.790001 | E21: 67.660004 | F21: 65.589996 | G21: 66.699997 | H21: 62.25 | I21: 72.139999 | J21: 70.660004 | K21: 71.400002 | L21: 72.900002 | M21: 68.870003 | N21: 67.589996 | O21: 66.75 | P21: 66.989998 | Q21: 65.940002 | R21: 69.279999 | S21: 69 | T21: 68.970001 | U21: 70.839996
A22: Social/Political/Ethical-Statements-Any Disagree (1-2) | B22: I think we should strive for equality for all | C22: Pop. (000) | D22: 28 | E22: 29 | F22: 32 | G22: 33 | H22: 89 | I22: 40 | J22: 33 | K22: 31 | L22: 27 | M22: 79 | N22: 83 | O22: 80 | P22: 72 | Q22: 119 | R22: 71 | S22: 84 | T22: 121 | U22: 116
C23: % Col | D23: 3.05 | E23: 3.2 | F23: 3.71 | G23: 3.74 | H23: 6.9400001 | I23: 3.6099999 | J23: 3 | K23: 3.0599999 | L23: 2.8 | M23: 4.6100001 | N23: 4.9699998 | O23: 4.8699999 | P23: 4.3899999 | Q23: 4.8800001 | R23: 3.5899999 | S23: 3.8699999 | T23: 5.4699998 | U23: 5.6100001
A24: Social/Political/Ethical-Statements-Any Disagree (1-2) | B24: Men and women should share household responsibilities equally | C24: Pop. (000) | D24: 50 | E24: 51 | F24: 50 | G24: 47 | H24: 58 | I24: 68 | J24: 70 | K24: 57 | L24: 44 | M24: 90 | N24: 88 | O24: 89 | P24: 74 | Q24: 123 | R24: 110 | S24: 109 | T24: 132 | U24: 86
C25: % Col | D25: 5.4400001 | E25: 5.6300001 | F25: 5.79 | G25: 5.3200002 | H25: 4.52 | I25: 6.1300001 | J25: 6.3600001 | K25: 5.6199999 | L25: 4.5700002 | M25: 5.2600002 | N25: 5.27 | O25: 5.4200001 | P25: 4.5100002 | Q25: 5.04 | R25: 5.5599999 | S25: 5.02 | T25: 5.96 | U25: 4.1599998
A26: Social/Political/Ethical-Statements-Any Disagree (1-2) | B26: I think men and women are given equal opportunities | C26: Pop. (000) | D26: 275 | E26: 264 | F26: 254 | G26: 265 | H26: 377 | I26: 332 | J26: 331 | K26: 284 | L26: 310 | M26: 559 | N26: 520 | O26: 501 | P26: 522 | Q26: 748 | R26: 605 | S26: 673 | T26: 737 | U26: 731
C27: % Col | D27: 29.92 | E27: 29.139999 | F27: 29.43 | G27: 30.01 | H27: 29.41 | I27: 29.940001 | J27: 30.059999 | K27: 28.01 | L27: 32.189999 | M27: 32.650002 | N27: 31.16 | O27: 30.51 | P27: 31.85 | Q27: 30.66 | R27: 30.57 | S27: 31 | T27: 33.290001 | U27: 35.349998
A28: Social/Political/Ethical-Statements-Any Disagree (1-2) | B28: Men and women are still not treated equally in the workplace | C28: Pop. (000) | D28: 87 | E28: 91 | F28: 78 | G28: 83 | H28: 159 | I28: 115 | J28: 117 | K28: 89 | L28: 98 | M28: 180 | N28: 192 | O28: 173 | P28: 150 | Q28: 300 | R28: 196 | S28: 209 | T28: 252 | U28: 245
C29: % Col | D29: 9.4700003 | E29: 10.04 | F29: 9.04 | G29: 9.3999996 | H29: 12.4 | I29: 10.37 | J29: 10.63 | K29: 8.7799997 | L29: 10.18 | M29: 10.51 | N29: 11.5 | O29: 10.54 | P29: 9.1499996 | Q29: 12.3 | R29: 9.8999996 | S29: 9.6300001 | T29: 11.38 | U29: 11.85
A30: Social/Political/Ethical-Statements-Any Disagree (1-2) | B30: Feminism isn’t about treating women favourably but equally | C30: Pop. (000) | D30: 44 | E30: 44 | F30: 46 | G30: 53 | H30: 132 | I30: 89 | J30: 87 | K30: 68 | L30: 65 | M30: 117 | N30: 121 | O30: 113 | P30: 109 | Q30: 224 | R30: 121 | S30: 144 | T30: 182 | U30: 124
C31: % Col | D31: 4.79 | E31: 4.8600001 | F31: 5.3299999 | G31: 6 | H31: 10.3 | I31: 8.0299997 | J31: 7.9000001 | K31: 6.71 | L31: 6.75 | M31: 6.8299999 | N31: 7.25 | O31: 6.8800001 | P31: 6.6500001 | Q31: 9.1800003 | R31: 6.1100001 | S31: 6.6300001 | T31: 8.2200003 | U31: 6
A32: Geography-Province | B32: Newfoundland and Labrador | C32: Pop. (000) | D32: 2 # | E32: 0 # | F32: 0 # | G32: 0 # | H32: 8 # | I32: 5 # | J32: 4 # | K32: 4 # | L32: 6 # | M32: 21 * | N32: 19 * | O32: 12 * | P32: 10 * | Q32: 45 | R32: 38 | S32: 39 | T32: 38 | U32: 46
C33: % Col | D33: 0.22 | E33: 0 | F33: 0 | G33: 0 | H33: 0.62 | I33: 0.44999999 | J33: 0.36000001 | K33: 0.38999999 | L33: 0.62 | M33: 1.23 | N33: 1.14 | O33: 0.73000002 | P33: 0.61000001 | Q33: 1.84 | R33: 1.92 | S33: 1.8 | T33: 1.72 | U33: 2.22
A34: Geography-Province | B34: Prince Edward Island | C34: Pop. (000) | D34: 4 # | E34: 2 # | F34: 4 # | G34: 4 # | H34: 4 # | I34: 5 # | J34: 3 # | K34: 4 # | L34: 3 # | M34: 10 # | N34: 8 # | O34: 6 # | P34: 7 # | Q34: 13 # | R34: 8 * | S34: 8 # | T34: 9 * | U34: 8 #
C35: % Col | D35: 0.44 | E35: 0.22 | F35: 0.46000001 | G35: 0.44999999 | H35: 0.31 | I35: 0.44999999 | J35: 0.27000001 | K35: 0.38999999 | L35: 0.31 | M35: 0.57999998 | N35: 0.47999999 | O35: 0.37 | P35: 0.43000001 | Q35: 0.52999997 | R35: 0.40000001 | S35: 0.37 | T35: 0.41 | U35: 0.38999999
A36: Geography-Province | B36: Nova Scotia | C36: Pop. (000) | D36: 21 | E36: 24 | F36: 26 | G36: 25 | H36: 17 * | I36: 26 | J36: 22 * | K36: 28 | L36: 23 | M36: 52 | N36: 49 | O36: 50 | P36: 44 | Q36: 64 | R36: 57 | S36: 72 | T36: 67 | U36: 55
C37: % Col | D37: 2.29 | E37: 2.6500001 | F37: 3.01 | G37: 2.8299999 | H37: 1.33 | I37: 2.3399999 | J37: 2 | K37: 2.76 | L37: 2.3900001 | M37: 3.04 | N37: 2.9400001 | O37: 3.05 | P37: 2.6800001 | Q37: 2.6199999 | R37: 2.8800001 | S37: 3.3199999 | T37: 3.03 | U37: 2.6600001
A38: Geography-Province | B38: New Brunswick | C38: Pop. (000) | D38: 5 * | E38: 5 # | F38: 6 # | G38: 10 # | H38: 15 * | I38: 28 | J38: 21 * | K38: 27 * | L38: 18 * | M38: 50 | N38: 52 | O38: 51 | P38: 50 | Q38: 41 | R38: 24 | S38: 28 | T38: 26 | U38: 41
C39: % Col | D39: 0.54000002 | E39: 0.55000001 | F39: 0.69999999 | G39: 1.13 | H39: 1.17 | I39: 2.52 | J39: 1.91 | K39: 2.6600001 | L39: 1.87 | M39: 2.9200001 | N39: 3.1199999 | O39: 3.1099999 | P39: 3.05 | Q39: 1.6799999 | R39: 1.21 | S39: 1.29 | T39: 1.17 | U39: 1.98
A40: Geography-Province | B40: Quebec | C40: Pop. (000) | D40: 142 | E40: 143 | F40: 134 | G40: 133 | H40: 153 | I40: 141 | J40: 190 | K40: 171 | L40: 160 | M40: 514 | N40: 491 | O40: 517 | P40: 541 | Q40: 700 | R40: 571 | S40: 581 | T40: 530 | U40: 420
C41: % Col | D41: 15.45 | E41: 15.78 | F41: 15.53 | G41: 15.06 | H41: 11.93 | I41: 12.71 | J41: 17.26 | K41: 16.860001 | L41: 16.610001 | M41: 30.02 | N41: 29.42 | O41: 31.49 | P41: 33.009998 | Q41: 28.690001 | R41: 28.85 | S41: 26.76 | T41: 23.940001 | U41: 20.309999
A42: Geography-Province | B42: Ontario | C42: Pop. (000) | D42: 428 | E42: 427 | F42: 417 | G42: 430 | H42: 633 | I42: 487 | J42: 472 | K42: 392 | L42: 402 | M42: 574 | N42: 579 | O42: 553 | P42: 551 | Q42: 859 | R42: 674 | S42: 766 | T42: 874 | U42: 817
C43: % Col | D43: 46.57 | E43: 47.130001 | F43: 48.32 | G43: 48.700001 | H43: 49.380001 | I43: 43.91 | J43: 42.869999 | K43: 38.66 | L43: 41.740002 | M43: 33.529999 | N43: 34.689999 | O43: 33.68 | P43: 33.619999 | Q43: 35.200001 | R43: 34.060001 | S43: 35.279999 | T43: 39.48 | U43: 39.509998
A44: Geography-Province | B44: Manitoba | C44: Pop. (000) | D44: 30 | E44: 33 | F44: 30 | G44: 36 | H44: 59 | I44: 36 | J44: 59 | K44: 75 | L44: 65 | M44: 34 | N44: 32 | O44: 23 * | P44: 22 * | Q44: 87 | R44: 50 | S44: 66 | T44: 101 | U44: 109
C45: % Col | D45: 3.26 | E45: 3.6400001 | F45: 3.48 | G45: 4.0799999 | H45: 4.5999999 | I45: 3.25 | J45: 5.3600001 | K45: 7.4000001 | L45: 6.75 | M45: 1.99 | N45: 1.92 | O45: 1.4 | P45: 1.34 | Q45: 3.5699999 | R45: 2.53 | S45: 3.04 | T45: 4.5599999 | U45: 5.27
A46: Geography-Province | B46: Saskatchewan | C46: Pop. (000) | D46: 36 | E46: 35 | F46: 35 | G46: 36 | H46: 37 | I46: 35 | J46: 35 | K46: 46 * | L46: 58 * | M46: 58 | N46: 55 | O46: 53 | P46: 59 | Q46: 61 | R46: 41 | S46: 45 | T46: 59 | U46: 69
C47: % Col | D47: 3.9200001 | E47: 3.8599999 | F47: 4.0599999 | G47: 4.0799999 | H47: 2.8900001 | I47: 3.1600001 | J47: 3.1800001 | K47: 4.54 | L47: 6.02 | M47: 3.3900001 | N47: 3.3 | O47: 3.23 | P47: 3.5999999 | Q47: 2.5 | R47: 2.0699999 | S47: 2.0699999 | T47: 2.6600001 | U47: 3.3399999
A48: Geography-Province | B48: Alberta | C48: Pop. (000) | D48: 109 | E48: 108 | F48: 98 | G48: 94 | H48: 153 | I48: 160 | J48: 153 | K48: 129 | L48: 84 | M48: 175 | N48: 175 | O48: 174 | P48: 163 | Q48: 232 | R48: 258 | S48: 245 | T48: 209 | U48: 171
C49: % Col | D49: 11.86 | E49: 11.92 | F49: 11.36 | G49: 10.65 | H49: 11.93 | I49: 14.43 | J49: 13.9 | K49: 12.72 | L49: 8.7200003 | M49: 10.22 | N49: 10.49 | O49: 10.6 | P49: 9.9499998 | Q49: 9.5100002 | R49: 13.04 | S49: 11.29 | T49: 9.4399996 | U49: 8.2700005
A50: Geography-Province | B50: British Columbia | C50: Pop. (000) | D50: 142 | E50: 128 | F50: 113 | G50: 114 | H50: 203 | I50: 187 | J50: 143 | K50: 138 | L50: 144 | M50: 225 | N50: 208 | O50: 204 | P50: 192 | Q50: 338 | R50: 258 | S50: 321 | T50: 300 | U50: 332
C51: % Col | D51: 15.45 | E51: 14.13 | F51: 13.09 | G51: 12.91 | H51: 15.83 | I51: 16.860001 | J51: 12.99 | K51: 13.61 | L51: 14.95 | M51: 13.14 | N51: 12.46 | O51: 12.42 | P51: 11.71 | Q51: 13.85 | R51: 13.04 | S51: 14.79 | T51: 13.55 | U51: 16.049999
A52: Age/Generation-Age (Summary) | B52: 18-24 | C52: Pop. (000) | D52: 244 | E52: 246 | F52: 240 | G52: 235 | H52: 280 | I52: 267 | J52: 277 | K52: 234 | L52: 222 | M52: 376 | N52: 366 | O52: 367 | P52: 346 | Q52: 422 | R52: 407 | S52: 421 | T52: 404 | U52: 391
C53: % Col | D53: 26.549999 | E53: 27.15 | F53: 27.809999 | G53: 26.610001 | H53: 21.84 | I53: 24.08 | J53: 25.16 | K53: 23.08 | L53: 23.049999 | M53: 21.959999 | N53: 21.93 | O53: 22.35 | P53: 21.110001 | Q53: 17.299999 | R53: 20.57 | S53: 19.389999 | T53: 18.25 | U53: 18.91
A54: Age/Generation-Age (Summary) | B54: 25-34 | C54: Pop. (000) | D54: 255 | E54: 233 | F54: 216 | G54: 230 | H54: 301 | I54: 233 | J54: 264 | K54: 247 | L54: 229 | M54: 352 | N54: 333 | O54: 321 | P54: 325 | Q54: 522 | R54: 489 | S54: 512 | T54: 465 | U54: 402
C55: % Col | D55: 27.75 | E55: 25.719999 | F55: 25.030001 | G55: 26.049999 | H55: 23.48 | I55: 21.01 | J55: 23.98 | K55: 24.360001 | L55: 23.780001 | M55: 20.559999 | N55: 19.950001 | O55: 19.549999 | P55: 19.83 | Q55: 21.389999 | R55: 24.709999 | S55: 23.58 | T55: 21 | U55: 19.440001
A56: Age/Generation-Age (Summary) | B56: 35-49 | C56: Pop. (000) | D56: 243 | E56: 256 | F56: 254 | G56: 267 | H56: 462 | I56: 322 | J56: 291 | K56: 291 | L56: 285 | M56: 509 | N56: 508 | O56: 510 | P56: 508 | Q56: 696 | R56: 534 | S56: 564 | T56: 631 | U56: 620
C57: % Col | D57: 26.440001 | E57: 28.26 | F57: 29.43 | G57: 30.24 | H57: 36.040001 | I57: 29.040001 | J57: 26.43 | K57: 28.700001 | L57: 29.6 | M57: 29.73 | N57: 30.440001 | O57: 31.059999 | P57: 30.99 | Q57: 28.52 | R57: 26.98 | S57: 25.98 | T57: 28.5 | U57: 29.98
A58: Age/Generation-Age (Summary) | B58: 50-64 | C58: Pop. (000) | D58: 109 | E58: 107 | F58: 97 | G58: 99 | H58: 129 | I58: 141 | J58: 145 | K58: 154 | L58: 171 | M58: 360 | N58: 344 | O58: 312 | P58: 321 | Q58: 494 | R58: 337 | S58: 401 | T58: 420 | U58: 410
C59: % Col | D59: 11.86 | E59: 11.81 | F59: 11.24 | G59: 11.21 | H59: 10.06 | I59: 12.71 | J59: 13.17 | K59: 15.19 | L59: 17.76 | M59: 21.030001 | N59: 20.610001 | O59: 19 | P59: 19.59 | Q59: 20.25 | R59: 17.030001 | S59: 18.469999 | T59: 18.969999 | U59: 19.83
A60: Age/Generation-Age (Summary) | B60: 65+ | C60: Pop. (000) | D60: 68 | E60: 65 | F60: 57 | G60: 52 | H60: 110 | I60: 145 | J60: 124 | K60: 88 | L60: 56 | M60: 116 | N60: 118 | O60: 132 | P60: 139 | Q60: 305 | R60: 212 | S60: 273 | T60: 293 | U60: 245
C61: % Col | D61: 7.4000001 | E61: 7.1700001 | F61: 6.5999999 | G61: 5.8899999 | H61: 8.5799999 | I61: 13.07 | J61: 11.26 | K61: 8.6800003 | L61: 5.8200002 | M61: 6.7800002 | N61: 7.0700002 | O61: 8.04 | P61: 8.4799995 | Q61: 12.5 | R61: 10.71 | S61: 12.57 | T61: 13.23 | U61: 11.85
A63: Source: | B63: Vividata's SCC | Study of the Canadian Consumer: 2025 Summer, 2025 Spring, 2025 Winter, 2024 Fall, 2024 Summer, 2024 Spring, 2024 Winter, 2023 Fall, 2023 Summer
A64: Sample Caution: | B64: "*" Projection relatively unstable. Use with caution.
B65: "#" Unrealiable projection. Shown for consistency only.
